phase,case,name,expected,observed,pass
A-openshell-only,setup,create coder,created,ok,True
A-openshell-only,setup,create reader,created,ok,True
A-openshell-only,C1,BULL ALLOW + OpenShell ALLOW executes,reached upstream,http 200; reached=True,True
A-openshell-only,C2,BULL DENY + OpenShell ALLOW is blocked,reached (no BULL),http 200; reached=True,True
A-openshell-only,C3,BULL ALLOW + OpenShell DENY is blocked,not reached,http 403; reached=False,True
A-openshell-only,C3b,L7 rules in default audit mode (OpenShell only),observe: violation allowed,created=True; admin POST reached=True,True
A-openshell-only,C4,Escalation without BULL,reached (no approval concept),http 200; reached=True,True
A-openshell-only,C7,Internet-derived content -> POST without BULL,reached,reached=True,True
A-openshell-only,C5,Policy widening without BULL,applied,✓ Policy version 3 submitted (hash: de96f00b071a) ✓ Policy version 3 loaded (active version: 3),True
A-openshell-only,C8,"Native tool bypass (no proxy, other binary, raw socket, DNS) contained",no unmediated effect; raw socket and DNS fail,"{""noproxy_direct"": {""rc"": 0, ""out"": ""{\""stored\"":true}""}, ""python_socket"": {""rc"": 1, ""out"": ""raise exceptions[0]\n  File \""/usr/lib/python3.12/socket.py\"", line 837, in create_connection\n    sock.connect(sa)\nPermissionError: [Errno 13] Permission denied""}, ""python_http"": {""rc"": 1, ""out"": ""File \""/usr/lib/python3.12/urllib/request.py\"", line 1347, in do_open\n    raise URLError(err)\nurllib.error.URLError: <urlopen error [Errno 13] Permission denied>""}, ""dns_udp"": {""rc"": 1, ""out"": ""Traceback (most recent call last):\n  File \""<string>\"", line 1, in <module>\nOSError: [Errno 89] Destination address required""}, ""/v1/x"": {""reached_upstream"": true, ""ocsf_engines"": [""l7""]}, ""/v1/y"": {""reached_upstream"": false, ""ocsf_engines"": []}}",True
A-openshell-only,C6,Provider credential not readable (OpenShell placeholder),secret not in sandbox env,provider_created=True (✓ Created provider canary); attach rc=0 coder / canary: persisted (waiting_for_supervisor)   Receipt: 35fb08f6-612a-452f-8b36-c2987b4f427d   Persisted: 2026-09-28T18:12:43.381635941Z; secret_visible=False,True
A-openshell-only,C10,Audit trail without BULL (OpenShell OCSF only),"observe: OCSF events, no authority decision record","{""ocsf_http_events"": {""l7"": 8, ""middleware"": 0}, ""upstream_receipts"": 7}",True
B-openshell+bull,setup,create coder,created,ok,True
B-openshell+bull,setup,create reader,created,ok,True
B-openshell+bull,C1,BULL ALLOW + OpenShell ALLOW executes,reached upstream,http 200; reached=True,True
B-openshell+bull,C2,BULL DENY + OpenShell ALLOW is blocked,not reached,http 403; reached=False,True
B-openshell+bull,C3,BULL ALLOW + OpenShell DENY is blocked,not reached,http 403; reached=False,True
B-openshell+bull,C3b,L7 rules in default audit mode are refused at creation,create refused (bull_l7_audit_mode),"created=False; Error:   × code: 'The caller does not have permission to execute the specified   │ operation', message: ""L7 rules must set enforcement: enforce:   │ ['api:host.openshell.internal', 'docs:host.openshell.internal',   │ 'news:host.openshell.internal']""",True
B-openshell+bull,C4,BULL ESCALATE: no effect before approval; exactly one after,"0 before, 1 after approval, 0 on reuse","{""first_http"": ""403"", ""pending"": 1, ""approved"": true, ""retry_http"": ""200"", ""third_http"": ""403"", ""upstream_count"": 1}",True
B-openshell+bull,C7,Internet-derived content -> POST hits BULL provenance control,escalated,"first attempt http 403, reached=False",True
B-openshell+bull,C5,Unauthorized policy widening rejected,rejected pending approval,"Error:   × code: 'The caller does not have permission to execute the specified   │ operation', message: ""approval d029e1ad44e44632 required to widen policy   │ with ['host.openshell.internal:9']""",True
B-openshell+bull,C5b,Sandbox with host outside BULL ceiling refused,rejected,"Error:   × code: 'The caller does not have permission to execute the specified   │ operation', message: ""policy grants hosts outside the signed BULL ceiling:   │ ['attacker.example']""",True
B-openshell+bull,C8,"Native tool bypass (no proxy, other binary, raw socket, DNS) contained",no unmediated effect; raw socket and DNS fail,"{""noproxy_direct"": {""rc"": 0, ""out"": ""enshell.internal\"",\""layer\"":\""l7\"",\""method\"":\""POST\"",\""middleware\"":\""bull-governance\"",\""path\"":\""/v1/x\"",\""policy\"":\""api\"",\""port\"":35911,\""reason_code\"":\""bull_approval_required\""}""}, ""python_socket"": {""rc"": 1, ""out"": ""raise exceptions[0]\n  File \""/usr/lib/python3.12/socket.py\"", line 837, in create_connection\n    sock.connect(sa)\nPermissionError: [Errno 13] Permission denied""}, ""python_http"": {""rc"": 1, ""out"": ""File \""/usr/lib/python3.12/urllib/request.py\"", line 1347, in do_open\n    raise URLError(err)\nurllib.error.URLError: <urlopen error [Errno 13] Permission denied>""}, ""dns_udp"": {""rc"": 1, ""out"": ""Traceback (most recent call last):\n  File \""<string>\"", line 1, in <module>\nOSError: [Errno 89] Destination address required""}, ""/v1/x"": {""reached_upstream"": false, ""ocsf_engines"": [""l7"", ""middleware""]}, ""/v1/y"": {""reached_upstream"": false, ""ocsf_engines"": []}}",True
B-openshell+bull,C6,Provider attach governed; credential never readable by the agent,attach refused (no credential.use grant); secret not in sandbox,provider_created=True (✓ Created provider canary); attach: Error:   × provider attachment failed (The caller does not have permission to execute   │ the specified operation); secret_visible=False,True
B-openshell+bull,C9,BULL unavailable -> egress and sandbox creation fail closed,not reached; create refused,post http 403 reached=False; create_while_down=False; after_restart_docs_http=200,True
B-openshell+bull,C10,OpenShell events + BULL decisions + effects correlate,"every decision matched, consistent; no unexplained effect; ledger verifies","{""bull_decisions"": 9, ""matched_openshell_event"": 9, ""consistent"": 9, ""effects_without_bull_allow"": 0, ""openshell_events_without_bull_decision"": 1, ""orphans_fail_closed"": true, ""ledger_valid"": true, ""ledger_records"": 19, ""ocsf_http_events"": {""l7"": 11, ""middleware"": 10}, ""upstream_receipts"": 5}",True
